website,email,subject,body,status
 https://job4freshers.co.in?,crackyou5@gmail.com,Error,Failed to generate email: 'dict' object has no attribute 'subject',Sent
 https://job4freshers.co.in?,crackyou5@gmail.com,Enhance Engagement with Personalized Cold Emails for Job4Freshers,"Dear Team at Job4Freshers,

I hope this email finds you well. My name is [Your Name] and I am a specialist in automated personalized cold email services.

Looking through your website, I was impressed by the wide array of job opportunities you provide, from fresher roles to experienced positions, part-time jobs to work-from-home options, and across diverse locations like Bangalore, Chennai, Delhi, Mumbai, and more. You truly provide an extensive service to job seekers all over the country.

I see a great potential to enhance the user experience and engagement on your platform with the implementation of personalized cold emailing. My expertise lies in creating tailored, engaging cold emails that can not only increase interaction but also drive more traffic to your website, ultimately connecting more job seekers with their ideal roles.

With the diverse range of job categories you cater to, including Freshers Jobs, 2022 Batch, 2023 Batch, Government Jobs, MBA Jobs, Mechanical Jobs, Software/IT Jobs, and more, personalized cold emails can ensure these updates reach the most relevant audience, thereby boosting user engagement and conversion rates.

Your recent post about the Indian Air Force Recruitment 2024 for Group C Posts caught my eye. I believe that my services could significantly increase the reach and effectiveness of such posts, leading to a higher number of applications for these and similar positions.

To demonstrate the efficacy of personalized cold emailing, I would like to offer you a free trial of my service. I believe this will give you a firsthand experience of the transformative potential of personalized cold emails.

If you're interested in this opportunity, please reply to this email or call me at [Your Contact Number] to discuss it further. I am excited about the possibility of collaborating with you to enhance the job-seeking experience for your users.

Best regards,
[Your Name]",Sent
 https://job4freshers.co.in?,crackyou5@gmail.com,Error,"Failed to generate email: Error code: 400 - {'error': {'message': 'Organization has been restricted. Please reach out to support if you believe this was in error.', 'type': 'invalid_request_error', 'code': 'organization_restricted'}}",Sent
 https://job4freshers.co.in?,crackyou5@gmail.com,Elevate Your Job Listings with Targeted Email Campaigns!,"Hi there,

I hope this message finds you well! My name is [Your Name], and I'm a freelancer passionate about empowering job platforms like Job4freshers to enhance their outreach through automated personalized cold email services.

With the 2024 batch of fresh graduates entering the job market, your commitment to connecting them with exciting opportunities across various sectors is more crucial than ever. I understand the challenges you face in standing out amid the competition, especially with popular roles like MBA jobs, mechanical positions, and work-from-home opportunities. My services can help you capture the attention of potential candidates effectively.

Here’s how I can assist you:

- **Customized Email Campaigns**: Crafted to reflect your unique brand and resonate with your diverse audience, ensuring candidates are attracted to all listings, from internships to experienced roles across India.
- **Data-Driven Strategies**: Techniques designed to maximize open and response rates, so your emails get noticed among the multitude of job opportunities available.
- **Engaging Follow-up Sequences**: Keeping candidates informed and interested about the latest job openings, including your recent postings for Group C positions and other in-demand jobs.

To get started, I’d love to offer you a free trial of my services. Let's discuss your specific needs and explore how I can elevate your outreach efforts to attract more applications, particularly for key roles like Customer Associate at Reliance Jio or Tele Counselor positions.

Are you available for a brief consultation this week? Let’s connect and strategize on how we can take Job4freshers to new heights together!

Looking forward to hearing from you soon!

Best regards,
[Your Name]  
[Your Contact Information]  
[Your Website or Portfolio]",Sent
 https://job4freshers.co.in?,crackyou5@gmail.com,Maximize Your Impact with Custom Email Campaigns for Job Categories,"Hello,

My name is [Your Name] and I specialize in delivering personalized cold email services. I recently had the opportunity to explore your website, Job4Freshers, and I admired the comprehensive job opportunities you provide to a wide spectrum of job seekers.

Your website is doing an exceptional job by featuring a plethora of job categories, ranging from '10th pass job' seekers to 'Post Graduate Jobs', 'MBA Jobs', 'Mechanical Jobs', 'Software/IT Jobs', and even 'Work From Home' opportunities. Given the diverse audience you cater to, I believe my expertise can significantly enhance your reach and engagement through tailored email campaigns.

My services involve creating compelling content customized to each job category, segmenting your audience for more personalized email campaigns, and analyzing email performance to further enhance engagement rates. The ultimate aim is to boost your website traffic, enhance user experience by presenting job seekers with opportunities that align with their interests and skills, and ultimately, increase the number of applications for the jobs you list.

Considering the wide array of job categories you cater to, we can create focused email campaigns such as 'MBA Jobs', 'Mechanical Jobs', 'Software/IT Jobs', 'Work From Home Jobs', and more. These campaigns would contain content explicitly designed to engage and attract the specific job seekers interested in these categories.

I would like to offer you a free initial consultation where we can discuss your goals, your current email strategy, and how my services can add value to your existing efforts and improve your website's performance.

If this interests you, please reply to this email, so we can arrange a meeting at a time that suits you best.

Looking forward to the possibility of working together.

Best Regards,

[Your Name]",Sent
 https://job4freshers.co.in?,crackyou5@gmail.com,Elevate Job4freshers with Dynamic Email Campaigns for 2024 Internships!,"Hi there,

I hope this message finds you well! My name is [Your Name], and I specialize in automated personalized cold email services tailored specifically for job portals like Job4freshers.

Having explored your website, I was genuinely impressed by the extensive range of job opportunities you provide for freshers, especially in high-demand sectors such as government jobs, internships, and tech roles. With the 2024 batch approaching, particularly in areas like MBA jobs and engineering placements, I see a tremendous opportunity to further connect with your audience and enhance candidate engagement through strategic email marketing.

**Here’s how I can supercharge Job4freshers for the upcoming recruitment season:**
- **Custom Campaigns:** I can create personalized email campaigns that resonate with your audience, highlighting specific job categories such as internships, government jobs, and work-from-home roles.
- **Increased Engagement:** My strategies are designed to boost user interaction with your platform, ensuring that more candidates apply for roles they are passionate about, especially in fields like digital marketing, data science, and software development.
- **Free Consultation:** I would love to offer you a complimentary consultation to discuss how we can optimize your outreach efforts and drive even greater success for Job4freshers.

If you’re interested in exploring this further, please reply to this email, and we can schedule a time that works best for you.

Looking forward to the opportunity to collaborate!

Best regards,

[Your Name]  
[Your Contact Information]  
[Your Website or Portfolio]",Sent
 https://job4freshers.co.in?,crackyou5@gmail.com,Elevate Freshers' Job Search with Tailored Email Solutions!,"Hi there,

I hope this message finds you well! My name is [Your Name], and I specialize in automated personalized cold email services specifically designed for job portals like Job4freshers.

I recently explored your site and was impressed by the wide range of opportunities you offer for the 2024 batch, including internships, MBA jobs, and various positions across sectors. With the increasing competition in the job market, personalized outreach is essential for capturing the attention of freshers and recent graduates. Here’s how my services can enhance your platform’s engagement:

- **Targeted Messaging**: Craft tailored emails that resonate with freshers based on their educational backgrounds and job interests—be it government jobs, off-campus drives, or work-from-home opportunities.
- **Boosted Applications**: Send personalized job alerts that not only inform candidates about openings but also motivate them to apply, increasing your application rates significantly.
- **Enhanced Brand Loyalty**: Implement a consistent communication strategy to keep your audience engaged with the latest job postings and recruitment updates, thereby enhancing your platform’s visibility and reputation.

To show you the potential impact of these services, I’d love to offer you a free trial or an initial consultation. During this session, we can discuss how personalized outreach can transform your engagement strategies and drive even more traffic to your job postings.

Would you be available for a brief call this week? I’m excited about the opportunity to help Job4freshers reach new heights!

Looking forward to your response.

Best regards,
[Your Name]
[Your Contact Information]
[Your Website/Portfolio]",Sent
https://www.pw.live,crackyou5@gmail.com,Enhance Physics Wallah's Impact with Tailored Email Campaigns,"Hi there,

I hope this message finds you well! My name is [Your Name], and I specialize in creating personalized cold email campaigns designed to drive engagement and conversions.

I am truly inspired by Physics Wallah's mission to democratize education. Your commitment to providing affordable and comprehensive learning experiences—from Class 6 to 12 and preparation for competitive exams like JEE and NEET—is remarkable. The success stories of students like Raja Majhi, Sushant Padha, and Karan Garg highlight the transformative impact Physics Wallah is having on aspiring students across various backgrounds.

With your state-of-the-art learning resources and a comprehensive pedagogical structure, I believe that personalized email strategies can further amplify your outreach. Here’s how I can help:

- **Personalization**: Crafting targeted messages that resonate with diverse audience segments, including students preparing for specific state board exams like those in Uttar Pradesh and Bihar.
- **Highlighting Success**: Showcasing inspiring success stories to motivate potential students and their families.
- **Course Promotion**: Featuring affordable courses like Lakshya, Udaan, and Arjuna that cater to the varied needs of students preparing for JEE, NEET, and state board exams.
- **Community Building**: Strengthening the community around your platform by engaging prospective students in meaningful ways.

I’d love to offer you a free consultation to discuss how personalized email campaigns can enhance your outreach efforts and further support your mission. 

Are you available for a quick chat this week? I’m excited about the possibility of collaborating to unlock even more potential for Physics Wallah.

Looking forward to your response!

Best regards,
[Your Name]
[Your Contact Information]",Sent
 https://job4freshers.co.in?,crackyou5@gmail.com,Enhance Job Seeker Engagement with Our Tailored Email Solutions!,"Hi Job4freshers Team,

I hope this message finds you thriving! My name is [Your Name], and I specialize in automated personalized cold email services tailored specifically for innovative job platforms like yours.

I recently explored your website and was genuinely impressed by your dedication to connecting freshers with exciting job opportunities across various domains, from internships to MBA jobs. With your current offerings, including listings for the Indian Air Force Recruitment 2024, BIS Recruitment, and roles from top companies like Reliance Jio and Wipro, it's evident that your platform is an essential resource for job seekers across India.

**Here’s how I can support your mission:**
- **Tailored Campaigns:** Develop customized email campaigns targeting job seekers based on their unique qualifications and interests, ensuring they receive timely alerts for relevant opportunities, such as government jobs or fresh internships.
- **Automation:** Streamline the communication process, sending job updates automatically to keep candidates engaged and informed about the latest openings in fields like IT, engineering, and management.
- **Analytics & Optimization:** Leverage data insights to monitor engagement metrics and continuously refine outreach strategies, ensuring maximum impact and connection with your audience.

I would love to offer you a free trial of my services, where we can collaborate on a sample campaign to showcase the potential of personalized email outreach in boosting your engagement rates.

Could we schedule a brief call this week to discuss how we can enhance your platform's effectiveness together? 

Looking forward to your response!

Best regards,
[Your Name]
[Your Contact Information]
[Your LinkedIn Profile or Website]",Sent
https://www.pw.live,akshaykumarbedre.bm@gmail.com,Elevate Student Success with Personalized Email Campaigns!,"Hi there,

I hope this message finds you well! My name is [Your Name], and I specialize in automated personalized cold email services designed specifically for innovative educational platforms like Physics Wallah.

After exploring your website, I was genuinely impressed by your commitment to creating a comprehensive pedagogical structure that provides students with a state-of-the-art learning experience. Your dedication to offering affordable and extensive study materials for students from classes 6 to 12, as well as those preparing for competitive exams like JEE and NEET, is truly commendable. It's inspiring to see how you support diverse learners, including those from state boards across India.

I believe I can significantly enhance your outreach efforts by developing compelling cold email campaigns that resonate with potential students and their families. By showcasing your unique offerings, such as:
- Daily live interactive classes that engage students across various subjects
- Extensive resources tailored for state boards, including NCERT solutions, sample papers, and previous exam papers
- A nurturing community with over 100 offline centers fostering collaborative learning
- Affordable courses like Lakshya, Udaan, and Arjuna that cater to the diverse needs of aspiring learners

we can effectively drive enrollment and increase engagement with your courses, ensuring even more students have the opportunity to succeed.

I would love to offer you a complimentary initial consultation to discuss how tailored email campaigns can unlock even more potential for your students and further elevate your platform’s impact in the ed-tech space.

Are you available for a brief chat this week? I am excited to explore how we can collaborate to amplify your reach and support even more students in achieving their academic goals.

Looking forward to your response!

Best regards,
[Your Name]
[Your Contact Information]
[Your LinkedIn Profile or Website, if applicable]",Sent
https://thriveagency.com/digital-marketing-services/,crackyou5@gmail.com,Unlock Your Business Potential with Personalized Emails!,"Hi [Recipient's Name],

I hope this message finds you well! My name is [Your Name], and I'm a freelance email marketing specialist dedicated to helping businesses like yours enhance their outreach through automated personalized cold email services.

I recently visited your website and was impressed by [specific aspect of their website or business]. I believe that with a tailored approach to your email marketing, you can engage more effectively with your audience and drive better results.

To get you started, I'd like to offer you a free trial of my services, where we can create personalized email templates that resonate with your potential clients and boost your response rates.

Are you available for a quick chat this week to discuss how we can elevate your email marketing strategy? 

Looking forward to hearing from you soon!

Best regards,
[Your Name]
[Your Contact Information]
[Your Website or Portfolio]",Sent
https://www.jio.com,crackyou5@gmail.com,Unlock the Power of Jio True 5G for Your Customers!,"Hi there,

I hope this message finds you well! My name is [Your Name], and I specialize in providing automated personalized cold email services designed to help businesses like yours effectively connect with potential customers.

I was thoroughly impressed by your website and your offerings, especially your commitment to high-speed connectivity and innovative digital solutions. With the explosive growth of True 5G in India—over 130 million users enjoying speeds up to 1 Gbps—now is the perfect time to elevate your customer outreach.

Here’s how I can add value to your business:
- **Tailored Email Campaigns**: Create personalized emails that highlight your unique offerings, including the affordable Jio True 5G Add-On Plans (₹51, ₹101, and ₹151) designed to cater to customers at various stages of their plan validity.
- **Increased Engagement**: Develop compelling content that resonates with your customers' needs for seamless connectivity and entertainment, driving higher conversion rates.
- **Performance Tracking**: Gain insights and analytics to continually optimize your campaigns for even better results.

To kick things off, I’d love to offer you a **free trial of my email services**. Experience firsthand how personalized outreach can transform your customer engagement.

Are you available for a quick call this week to discuss how we can collaborate? I look forward to the opportunity to help your business thrive in this new digital era!

Best regards,
[Your Name]
[Your Contact Information]
[Your Website or LinkedIn Profile]",Sent
https://www.jio.com,crackyou5@gmail.com,Error,"Failed to generate email: Error code: 400 - {'error': {'message': 'Organization has been restricted. Please reach out to support if you believe this was in error.', 'type': 'invalid_request_error', 'code': 'organization_restricted'}}",Sent
https://www.jio.com,crackyou5@gmail.com,Error,"Failed to generate email: Error code: 400 - {'error': {'message': 'Organization has been restricted. Please reach out to support if you believe this was in error.', 'type': 'invalid_request_error', 'code': 'organization_restricted'}}",Sent
https://www.jio.com,crackyou5@gmail.com,Unlock the Power of Jio True 5G for Your Business!,"Hi there,

I hope this message finds you well! My name is [Your Name], and I’m a freelance digital marketing specialist dedicated to helping businesses like yours excel in today’s fast-paced digital environment.

As I explored Jio's exceptional offerings, particularly the game-changing True 5G services, I immediately thought about how personalized cold email services could elevate your customer engagement strategies. With over 130 million True 5G users in India enjoying speeds that can reach up to 1 Gbps, now is the perfect time for your business to harness this momentum and effectively reach potential customers. Here’s how I envision this:

- **Flexible 5G Add-On Plans**: Capture attention with plans starting at just ₹51, allowing customers to easily upgrade their experience with Jio True 5G.
- **Unlimited 5G Data Plans**: Attract heavy users with 2 GB/day plans that offer unlimited data, ensuring they stay connected and engaged.
- **Seamless Home Delivery of Jio SIMs**: Simplify the onboarding process for new customers with your iActivate service, making it as easy as possible for them to switch to Jio.
- **Exclusive Diwali Dhamaka Offers**: Drive interest with festive promotions such as a year of AirFiber free with select recharges, creating buzz around your brand.
- **Deep Indoor Coverage**: Highlight Jio's unique 700 MHz spectrum for unparalleled indoor connectivity, which greatly enhances user experience and satisfaction.

I would love to extend a **free trial** of my personalized cold email service to demonstrate how it can significantly boost your outreach and conversion rates.

If this piques your interest, let’s schedule a quick call to discuss how we can collaborate to amplify your marketing efforts and drive meaningful engagement.

Looking forward to your response!

Best regards,

[Your Name]
[Your Contact Information]
[Your Website or Portfolio]",Sent
https://www.jio.com,crackyou5@gmail.com,Error,"Failed to generate email: Error code: 400 - {'error': {'message': 'Organization has been restricted. Please reach out to support if you believe this was in error.', 'type': 'invalid_request_error', 'code': 'organization_restricted'}}",Sent
https://www.jio.com,crackyou5@gmail.com,Unlock Your Business Potential with Jio True 5G Plans!,"Hi there,

I hope this message finds you thriving! I recently came across your business and recognized your need for reliable connectivity solutions that can truly enhance your operations and customer interactions. In today’s fast-paced digital landscape, seamless internet and mobile services are essential for effectively engaging your audience.

My name is Akshay Kumar, and as a freelancer specializing in automated personalized cold email services, I help businesses like yours leverage cutting-edge digital solutions to stay ahead of the competition.

With Jio’s True 5G plans, you can unlock unlimited data and lightning-fast connectivity that empowers your business with:
- **Unrivaled Speed**: Experience download speeds of up to 1 Gbps, enabling you to stream high-definition content and conduct video conferences without interruptions.
- **Comprehensive Coverage**: Jio True 5G’s 700 MHz spectrum ensures deep indoor coverage, so you can stay connected no matter where you are.
- **Flexible Add-On Plans**: Choose from a variety of add-on plans starting at just ₹51 for customers with plan validity up to 1 month, allowing you to easily upgrade to Jio True 5G without hassle.
- **Advanced Mobile Solutions**: Competitive plans and mobile hotspots keep your team in touch, enhancing collaboration and productivity.
- **Robust Voice & Collaboration Tools**: IP-based calling and video conferencing solutions that improve communication across your organization.
- **Top-notch Cybersecurity**: Protect your business against digital threats with comprehensive security solutions tailored to your needs.

To illustrate the potential of these offerings, I’d like to invite you to a **free consultation** where we can discuss how to tailor these solutions specifically for your business challenges.

Let’s schedule a time to connect! Just reply to this email with your availability, and I’ll do my best to accommodate.

Looking forward to collaborating with you to unlock the full potential of your business with Jio True 5G!

Best regards,
Akshay Kumar
BM Freelancer
[Your Contact Information]",Sent
https://www.jio.com,crackyou5@gmail.com,Unlock Faster Connectivity with Jio True 5G Plans!,"Hi there,

I hope this email finds you thriving! In today's fast-paced world, reliable and high-speed connectivity is crucial for any business. That’s where I can help you!

I’m Akshay Kumar, a freelancer specializing in automated personalized cold email services. I assist businesses like yours in harnessing cutting-edge digital solutions that can greatly enhance both connectivity and operational efficiency.

With Jio True 5G, you can enjoy lightning-fast data speeds of up to 1 Gbps, extensive indoor coverage, and minimal latency through Jio's advanced standalone network. Imagine downloading ultra-high-definition movies in seconds or streaming live events without a hitch!

Here’s how Jio True 5G can benefit your business:
- **Flexible Add-On Plans**: Choose from various plans tailored to your needs, including ₹51 for up to 1 month, ₹101 for 1-2 months, and ₹151 for 2-3 months of additional 5G access.
- **Unmatched Coverage**: With the largest and most suitable mix of spectrum, Jio True 5G guarantees seamless connectivity, indoors and outdoors.
- **Innovative Features**: Experience low latency for real-time communication, massive machine-to-machine communication, and edge computing capabilities.
- **Cost-Effective Solutions**: Our plans are designed to be flexible and budget-friendly, making it easier than ever to elevate your business's connectivity.

I would love to offer you a free consultation to discuss how Jio can specifically meet your business's connectivity needs and help you excel in this digital landscape.

Feel free to reach out to me at +91 9164623536, and let’s set up a time to chat!

Looking forward to connecting soon!

Best regards,
Akshay Kumar
Freelancer",Sent
https://www.jio.com,crackyou5@gmail.com,Unlock Incredible Connectivity with Jio True 5G Plans!,"Hi there,

Are you ready to elevate your business with lightning-fast internet solutions? In today's digital landscape, seamless connectivity is vital for success, and Jio True 5G is here to provide just that.

My name is Akshay Kumar, and I specialize in offering automated personalized cold email services that help businesses like yours leverage cutting-edge digital solutions. With Jio’s True 5G technology, you can unlock a host of benefits tailored to your needs:

- **Ultra-Fast Speeds:** Experience data speeds of up to 1 Gbps, allowing you to download ultra high-definition movies in seconds or stream live events without interruption.
- **Flexible Plans:** Choose from our affordable add-on plans starting from just ₹51 for customers with up to 1 month validity, making it easy to get on board with Jio True 5G.
- **Broad Coverage:** Enjoy deep indoor coverage and low latency, thanks to Jio's advanced 700 MHz spectrum band, ensuring reliable connectivity whether at the office, home, or on the go.
- **Robust Mobile Solutions:** Empower your team with comprehensive mobile solutions that enhance productivity and collaboration.
- **Advanced Cybersecurity:** Protect your organization with Jio's robust cybersecurity solutions tailored to safeguard your business.

To kickstart your journey with Jio True 5G, I'm offering a free consultation to discuss how our services can address your unique connectivity needs and help your business thrive.

Feel free to reach out to me at 9164623536, and let’s explore the endless possibilities together!

Looking forward to your response.

Best regards,
Akshay Kumar",Sent
https://www.infosys.com,akshaykumarbedre.bm@gmail.com,Error,Failed to generate email: Connection error.,Sent
https://www.infosys.com,akshaykumarbedre.bm@gmail.com,Error,Failed to generate email: Connection error.,Sent
https://www.infosys.com,akshaykumarbedre.bm@gmail.com,Error,"Failed to generate email: Error code: 404 - {'error': {'message': 'The model `llama2-70b-4096` does not exist or you do not have access to it.', 'type': 'invalid_request_error', 'code': 'model_not_found'}}",Sent
https://www.infosys.com,akshaykumarbedre.bm@gmail.com,Supercharge Infosys' AI-First Offering with Personalized Talent Transformation & Small Language Models,"Hi there,

I recently came across Infosys' Q2 FY25 Results, the unveiling of Infosys Topaz, and the strategic collaboration with The Financial Times. As a specialist in automated personalized cold email services, I am thrilled to offer my expertise to help you further augment your AI initiatives.

Infosys' commitment to amplifying human potential and creating the next opportunity for people, businesses, and communities is impressive. With 24+ million training hours conducted for employees globally, Infosys is empowering talent transformations. However, only 2% of companies are ready for AI, while most anticipate productivity gains of 10-40%. My AI-driven solutions, integrated with Infosys Topaz, can accelerate talent transformations, ensuring faster time-to-market, increased productivity, and exceptional digital outcomes for Infosys.

Infosys' focus on design-led transformation, analytics-driven enterprises, digital-first products, non-disruptive IT renewal, and cybersecurity resonates with my services. I have a proven track record of assisting businesses in navigating the ever-evolving digital landscape. With the collaboration with the University of Cambridge and the establishment of an AI lab in London, Infosys is at the forefront of AI innovation.

I'd like to propose a free trial or initial consultation to demonstrate the value I can bring to Infosys. During this session, we can discuss your specific challenges and explore how my services, combined with Infosys Topaz, can help you maximize the potential of your AI-first offering.

Kindly let me know if you're interested in taking advantage of this offer. I look forward to the opportunity to work with you and contribute to Infosys' continued success.

Best regards,
Akshay Kumar BM
akshaykumarbedre.bm@gmail.com",Sent
https://www.infosys.com,akshaykumarbedre.bm@gmail.com,Error,"Failed to generate email: Error code: 503 - {'error': {'message': 'Service Unavailable', 'type': 'internal_server_error'}}",Sent
https://www.infosys.com,crackyou5@gmail.com,Error,"Failed to generate email: Error code: 503 - {'error': {'message': 'Service Unavailable', 'type': 'internal_server_error'}}",Sent
https://www.infosys.com,crackyou5@gmail.com,Error,"Failed to generate email: Error code: 503 - {'error': {'message': 'Service Unavailable', 'type': 'internal_server_error'}}",Sent
https://www.infosys.com,akshaykumarbedre.bm@gmail.com,Error,Failed to generate email: 'subject',Sent
https://www.infosys.com,akshaykumarbedre.bm@gmail.com,Error,Failed to generate email: 'subject',Sent
https://www.infosys.com,akshaykumarbedre.bm@gmail.com,Unlock Your Digital Potential with AI-Driven Solutions,"Dear [Recipient's Name],

I hope this message finds you well. My name is Akshay Kumar BM, and I am a freelancer specializing in providing automated personalized cold email services. I came across your website and noticed that your organization could benefit from leveraging AI-driven solutions to enhance your digital capabilities.

At Infosys, we understand the importance of staying ahead in today's competitive landscape. Our digital core capabilities can help you build vital capabilities to deliver digital outcomes. Our AI-amplified marketing suite, Infosys Aster, offers innovative solutions to boost your marketing efforts. We have successfully trained over 24 million hours for our employees globally, ensuring that we are always at the forefront of technology and innovation.

I would like to offer you a free trial of our services to experience firsthand how we can help you achieve your goals. This will include a personalized consultation to understand your specific needs and demonstrate how our solutions can address them.

If you're interested in learning more about how we can help your organization, please reply to this email or contact me directly at akshaykumarbedre.bm@gmail.com. I look forward to the opportunity to discuss how we can collaborate to drive growth and innovation in your industry.

Best regards,
Akshay Kumar BM
akshaykumarbedre.bm@gmail.com",Sent
https://www.infosys.com,akshaykumarbedre.bm@gmail.com,Unlock the Power of Personalized Outreach with Automated Emails,"Dear [Recipient's Name],

I hope this message finds you well. As a freelancer specializing in automated, personalized cold email solutions, I've been following your company, [Company Name], and I'm excited to see how we can collaborate to enhance your email campaigns.

Are you looking for ways to streamline your outreach efforts and generate more leads? Our innovative approach to email automation can significantly improve your campaign's effectiveness by personalizing content based on your website's unique offerings and your business goals.

By leveraging AI-driven automation, we can craft and send personalized emails that resonate with your audience, leading to higher engagement rates and more conversions. To demonstrate the potential, I'd like to offer you a free initial email sequence audit or a trial campaign. This will give you a firsthand look at how our solutions can enhance your marketing efforts.

If you're interested in discussing how we can tailor our services to meet your specific needs, I'd be happy to set up a call at your convenience.

Best regards,

Akshay Kumar BM
akshaykumarbedre.bm@gmail.com

P.S. Don't miss out on this opportunity to revolutionize your email outreach. Let's work together to make your marketing efforts more efficient and effective.",Sent
https://www.infosys.com,akshaykumarbedre.bm@gmail.com,Unlock the Power of Personalized Outreach,"Dear [Recipient's Name],

I came across your website and noticed how it could benefit from streamlined outreach. As a freelancer specializing in automated, personalized cold email solutions, I can help enhance your email campaigns based on your website's content and business goals. 

By leveraging AI-amplified marketing suite, we can improve your lead generation and overall business growth. I'd like to offer you a free initial email sequence audit or a trial campaign to showcase the potential results. 

Would you be interested in discussing how personalized automation can improve your outreach? 

Best Regards,

Akshay Kumar BM

Contact: akshaykumarbedre.bm@gmail.com

",Sent
https://www.infosys.com,akshaykumarbedre.bm@gmail.com,Unlock Your Brand's Potential with High-Quality Graphic Design,"Dear [Recipient's Name],

I hope this message finds you well. My name is Akshay Kumar BM, and I am a professional graphic designer with a passion for creating high-quality, creative designs that elevate brands and enhance their visual identity.

After reviewing your website, I noticed that your brand has a unique style that could greatly benefit from professional design services. I believe that my expertise can help enhance your brand's visual appeal and contribute to its growth.

I would love the opportunity to provide you with a free design mockup or initial consultation to showcase how we can work together to achieve your design goals. This will allow you to see firsthand the potential of our collaboration and how it can positively impact your brand.

Please let me know if you're interested, and we can schedule a quick chat to discuss further. I look forward to the possibility of working with you and helping your brand reach its full potential.

Best Regards,

Akshay Kumar BM
[Your Email Address]
[Your Phone Number]",Sent
Balanced performance for general use,sada,Error,Failed to generate email: Invalid URL 'Balanced performance for general use': No scheme supplied. Perhaps you meant https://Balanced performance for general use?,Failed
Balanced performance for general use,sada,Error,Failed to generate email: Invalid URL 'Balanced performance for general use': No scheme supplied. Perhaps you meant https://Balanced performance for general use?,Failed
https://www.infosys.com,crackyou5@gmail.com,Unlock the Power of AI-driven Digital Transformation for Your Enterprise,"Dear [Recipient's Name],

I hope this message finds you well. My name is Akshay Kumar BM, and I am a freelancer specializing in providing automated personalized cold email services. I came across your website and noticed that your company, Infosys, is a leading provider of consulting, IT services, and digital transformation. However, I also observed that there might be opportunities to enhance your digital marketing efforts and improve customer engagement through targeted email campaigns.

As someone who has extensive experience in crafting compelling email content that drives results, I can help you leverage the power of personalized emails to boost your sales, enhance customer satisfaction, and stay ahead in the competitive market. With my expertise, we can create a tailored strategy that aligns with your business goals and resonates with your target audience.

I would love the opportunity to discuss how my services can benefit your organization. Would you be interested in a free trial or initial consultation to explore this further? This would allow us to delve deeper into your current marketing strategies and identify areas where we can optimize your email campaigns for better ROI.

Please feel free to reach out at akshaykumarbedre.bm@gmail.com if you're interested in learning more about how I can assist you in elevating your digital marketing efforts.

Best Regards,

Akshay Kumar BM
Freelancer - Automated Personalized Cold Email Services
akshaykumarbedre.bm@gmail.com",Sent
https://www.infosys.com,crackyou5@gmail.com,Error,Failed to generate email: 'dict' object has no attribute 'subject',Sent
https://www.infosys.com,crackyou5@gmail.com,Error,Failed to generate email: 'dict' object has no attribute 'subject',Sent
https://www.infosys.com,crackyou5@gmail.com,Error,Failed to generate email: 'dict' object has no attribute 'subject',Sent
https://www.infosys.com,crackyou5@gmail.com,Unlock Your Business Potential with Our Digital Transformation Services,"Dear [Recipient's Name],

I hope this message finds you well. My name is Akshay Kumar BM, and I am a freelancer specializing in digital transformation and automation. I came across your website and noticed that your company is currently undergoing a digital transformation. It's a significant step towards enhancing your business operations and customer experiences. However, it can be challenging to navigate through the complexities of this process.

At Infosys, we understand the importance of a seamless digital transformation journey. Our services are designed to help businesses like yours leverage technology to stay ahead in the market. With our expertise in consulting, IT services, and digital transformation, we can assist you in creating a robust digital core, developing an agile digital operating model, and empowering your talent transformations.

We've worked with numerous clients across various industries, including aerospace, automotive, financial services, healthcare, and more. Our innovative solutions and cutting-edge technology can help you optimize your business processes, enhance customer experiences, and drive growth.

I'd like to offer you a free consultation to discuss how we can assist your business in achieving its digital transformation goals. This session will provide you with actionable insights and strategies tailored to your specific needs and challenges.

Please let me know if this interests you, and we can schedule a convenient time for the consultation. Feel free to reach out to me at akshaykumarbedre.bm@gmail.com.

Best regards,

Akshay Kumar BM
Freelancer
akshaykumarbedre.bm@gmail.com

P.S. Don't miss out on the opportunity to elevate your business. Let's transform your company into a digital powerhouse.",Sent
https://www.infosys.com,akshaykumarbedre.bm@gmail.com,Unlock Your Digital Potential with Our Expertise,"Dear [Recipient's Name],

I came across your website and was impressed with the depth of your offerings. However, I noticed that your digital presence could be enhanced to reach a wider audience and increase engagement. As a freelancer specializing in digital transformation, I can help you leverage technology to improve your business outcomes.

My expertise spans across various industries including aerospace, automotive, consumer packaged goods, education, and more. I can assist you in building vital digital core capabilities, adopting a digital operating model, and innovating with cutting-edge technologies like AI, blockchain, and IoT.

I'd like to offer you a free consultation to discuss how we can collaborate to elevate your business. This session will provide insights into areas of improvement and potential growth opportunities.

Looking forward to connecting and exploring how we can transform your business digitally.

Best Regards,

Akshay Kumar BM

Contact: akshaykumarbedre.bm@gmail.com

[Your LinkedIn Profile/Website]",Sent
https://www.infosys.com,akshaykumarbedre.bm@gmail.com,Unlock Your Digital Transformation Potential with Infosys and Empower Your Business for the Future,"Hi there,

I came across your organization's website and noticed your interest in digital transformation. At Infosys, we specialize in helping businesses like yours navigate this journey.

With over 24 million hours of training conducted globally for our employees, we have the expertise to drive your digital transformation and empower your business for the future. Our recent research reveals that most companies expect productivity gains of 10-40% with Enterprise AI, but only 2% are ready. We can help you bridge this gap.

Our expertise in digital transformation includes designing unified digital experiences, building analytics-driven enterprises, and innovating with software and platforms. We've helped companies like Pfizer and BASF achieve significant results through our digital transformation services.

Did you know that our AI-powered core can help you prioritize the execution of change and deliver unprecedented levels of performance? Our recent partnership with ATP World Tour is a great example of how we bring data, insights, and digital experiences to the table. We're helping them create new revenue streams and enhance customer experiences with our digital-first products and offerings.

We've also unveiled Small Language Models – Infosys Topaz BankingSLM and Infosys Topaz ITOpsSLM – built on NVIDIA AI Stack, and collaborated with the University of Cambridge to establish an AI Lab in London. Our AI-first offering, Infosys Topaz, is designed to accelerate business value for global enterprises using generative AI.

I'd love to explore how we can help you achieve your goals. Would you like to schedule a free consultation to discuss your digital transformation strategy and learn how Infosys can help you unlock your potential? Please reply to this email or contact me at akshaykumarbedre.bm@gmail.com.

Best regards,
Akshay Kumar BM",Sent
sdf ,akshaykumarbedre.bm@gmail.com,Error,Failed to generate email: Invalid URL 'sdf ': No scheme supplied. Perhaps you meant https://sdf ?,Sent
sdf ,akshaykumarbedre.bm@gmail.com,Error,Failed to generate email: Invalid URL 'sdf ': No scheme supplied. Perhaps you meant https://sdf ?,Sent
https://asd,asd,Error,"Failed to generate email: HTTPSConnectionPool(host='asd', port=443): Max retries exceeded with url: / (Caused by NameResolutionError(""<urllib3.connection.HTTPSConnection object at 0x000002AA703CA740>: Failed to resolve 'asd' ([Errno 11001] getaddrinfo failed)""))",Rejected
https://www.infosys.com,asd,Unlock Your Business Potential with Our Expert Digital Transformation Services,"Dear [Recipient's Name],

I hope this message finds you well. My name is Akshay Kumar BM, and I am a freelancer specializing in digital transformation services. I came across your company, [Company Name], and was impressed by your commitment to [specific area of interest].

However, I noticed that there might be room for improvement in [specific area of improvement]. As a seasoned professional with a deep understanding of the latest digital technologies, I can help you leverage these innovations to enhance your operations and customer experiences.

My expertise spans across various domains including consulting, IT services, and digital transformation. I can assist you in building vital digital core capabilities, adopting an AI-first digital operating model, and driving innovation through our various platforms and subsidiaries.

I would like to offer you a complimentary consultation to discuss how we can collaborate to achieve your business goals. This session will provide valuable insights into how our services can help address your current challenges and unlock new opportunities for growth.

Please let me know if this interests you, and we can schedule a time that works best for you. I look forward to the possibility of working together.

Best Regards,

Akshay Kumar BM

Contact Information: akshaykumarbedre.bm@gmail.com",Rejected
https://www.infosys.com,crackyou5@gmail.com,Transform Your Business with AI-Driven Solutions,"Dear [Recipient's Name],

I hope this message finds you well. My name is Akshay Kumar BM, and I am a freelancer specializing in digital transformation and AI-driven solutions. I came across your website and noticed that you are looking to enhance your business operations with technology. This is exactly where I can help.

At Infosys, we offer a range of services designed to accelerate your digital journey. From our innovative AI-amplified marketing suite, Infosys Aster, to our comprehensive cloud solutions, we have the tools and expertise to help you achieve your goals faster. Our team can assist you in leveraging the power of AI, cloud, and other emerging technologies to streamline your processes, enhance customer experiences, and drive growth. With our unique approach, we can help you navigate the complexities of digital transformation and ensure that your business stays ahead of the curve.

I would love the opportunity to discuss how our solutions can benefit your organization. Would you be interested in a free trial or initial consultation to explore how we can help you achieve your objectives? This would be a great way to understand how our services align with your needs and aspirations.

Looking forward to the possibility of working together to take your business to the next level.

Best Regards,

Akshay Kumar BM

Contact: akshaykumarbedre.bm@gmail.com

[Your LinkedIn Profile Link]",Sent
https://www.amazon.com,akshaykumarbedre.bm@gmail.com,Unlock the Power of Personalized Emails for Your Business,"Dear [Recipient's Name],

I hope this message finds you well. My name is Akshay Kumar BM, and I am a seasoned freelancer specializing in crafting personalized cold emails that drive results. I came across your website and noticed that you might be facing challenges in engaging your customers effectively through email marketing.

As someone who has worked with numerous businesses to enhance their email marketing strategies, I can help you leverage the power of personalized cold emails to boost your customer engagement and conversion rates. My expertise lies in creating compelling subject lines, crafting engaging email bodies, and ensuring that your message resonates with your target audience.

I would love to offer you a free trial of my services. This will allow you to see firsthand how personalized cold emails can revolutionize your marketing efforts. With my help, you can expect to see improvements in open rates, click-through rates, and ultimately, conversions.

Would you be interested in discussing this further? I am confident that I can help you achieve your marketing goals. Please feel free to reach out to me at akshaykumarbedre.bm@gmail.com.

Looking forward to helping you grow your business through effective email marketing.

Best regards,
Akshay Kumar BM",Sent
https://www.amazon.com,akshaykumarbedre.bm@gmail.com,Unlock Your Brand's Potential with Personalized Cold Emails,"Hello, I hope this message finds you well. My name is Akshay Kumar BM, and I'm a freelancer specializing in crafting personalized cold emails that can significantly boost your brand's visibility and engagement. I came across your website and noticed an opportunity to enhance your marketing strategy. With my expertise, I can help you reach a wider audience, increase your customer base, and ultimately drive more sales. I understand that every business is unique, which is why I offer customized email solutions tailored to your specific needs and goals. I'd love to discuss how we can work together to elevate your brand. Would you be interested in a free trial or initial consultation to see how personalized cold emails can benefit your business? Please feel free to reach out to me at akshaykumarbedre.bm@gmail.com. I look forward to helping you grow your business. Best regards, Akshay Kumar BM",Sent
https://www.infosys.com,akshaykumarbedre.bm@gmail.com,Unlock Your Digital Potential with Our Expertise,"Dear [Recipient's Name],

I came across your website and was impressed by the innovative work you're doing in the [Recipient's Industry] sector. However, I noticed that your digital presence could be enhanced to better align with your company's vision and values. As a freelancer specializing in digital transformation and automation, I can help you leverage technology to streamline operations, enhance customer experience, and increase profitability.

My expertise in digital transformation can assist you in developing a robust digital core that supports your business goals. With a focus on cloud-first and AI-amplified strategies, we can work together to create a more agile, efficient, and customer-centric organization.

I'd like to offer you a complimentary consultation to discuss how we can collaborate to achieve your digital ambitions. This session will provide valuable insights into how you can leverage technology to drive growth and innovation within your organization.

Please let me know if this interests you, and we can schedule a time that works best for both of us.

Best Regards,

Akshay Kumar BM

Contact Information: akshaykumarbedre.bm@gmail.com",Sent
https://www.infosys.com,akshaykumarbedre.bm@gmail.com,Unlock Your Business Potential with Innovative Digital Solutions,"Dear [Recipient's Name],

I hope this message finds you well. My name is Akshay Kumar BM, and I am a freelancer specializing in providing automated personalized cold email services. I came across your website and noticed that you're in the business of [Recipient's Industry/Service].

It seems like you're facing challenges in [Specific Problem/Opportunity]. I can help you leverage technology to enhance your operations and improve customer engagement through tailored digital solutions. Our services include consulting, IT services, and digital transformation, which can significantly boost your business outcomes.

With our innovative tools and expertise, we can help you automate your marketing efforts, improve customer satisfaction, and increase your online presence. I'd love to discuss how our services can align with your business goals and provide a personalized solution for your needs.

Would you be interested in a free trial or initial consultation to explore how we can help transform your business? Please feel free to reach out to me at akshaykumarbedre.bm@gmail.com.

Best regards,

Akshay Kumar BM
akshaykumarbedre.bm@gmail.com

",Sent
